GAME_ID,HOME_TEAM_ID,VISITOR_TEAM_ID,PTS_home,PTS_away
22200477,1610612740,1610612759,126.0,117.0
22200478,1610612762,1610612764,120.0,112.0
22200466,1610612739,1610612749,114.0,106.0
22200467,1610612755,1610612765,113.0,93.0
22200468,1610612737,1610612741,108.0,110.0
22200469,1610612738,1610612754,112.0,117.0
22200470,1610612751,1610612744,143.0,113.0
22200471,1610612752,1610612761,106.0,113.0
22200472,1610612745,1610612753,110.0,116.0
22200473,1610612750,1610612742,99.0,104.0
22200474,1610612760,1610612757,101.0,98.0
22200475,1610612758,1610612747,134.0,120.0
22200476,1610612746,1610612766,126.0,105.0
22200461,1610612765,1610612762,111.0,126.0
22200462,1610612748,1610612741,103.0,113.0
22200463,1610612752,1610612744,132.0,94.0
22200464,1610612756,1610612764,110.0,113.0
22200465,1610612743,1610612763,105.0,91.0
22200452,1610612739,1610612762,122.0,99.0
22200453,1610612755,1610612761,104.0,101.0
22200454,1610612737,1610612753,126.0,125.0
22200455,1610612745,1610612759,105.0,124.0
22200456,1610612750,1610612742,116.0,106.0
22200457,1610612740,1610612749,119.0,128.0
22200458,1610612760,1610612757,123.0,121.0
22200459,1610612756,1610612747,130.0,104.0
22200460,1610612758,1610612766,119.0,125.0
22200445,1610612738,1610612753,92.0,95.0
22200446,1610612754,1610612752,106.0,109.0
22200447,1610612765,1610612751,121.0,124.0
22200448,1610612761,1610612744,110.0,126.0
22200449,1610612750,1610612741,150.0,126.0
22200450,1610612743,1610612766,119.0,115.0
22200451,1610612747,1610612764,119.0,117.0
22200438,1610612746,1610612764,102.0,93.0
22200439,1610612759,1610612748,101.0,111.0
22200440,1610612739,1610612742,100.0,99.0
22200441,1610612745,1610612757,95.0,107.0
22200442,1610612749,1610612762,123.0,97.0
22200443,1610612760,1610612763,115.0,109.0
22200444,1610612756,1610612740,118.0,114.0
22200428,1610612766,1610612737,106.0,125.0
22200429,1610612765,1610612758,113.0,122.0
22200430,1610612738,1610612753,109.0,117.0
22200431,1610612739,1610612754,118.0,112.0
22200432,1610612755,1610612744,118.0,106.0
22200433,1610612761,1610612751,116.0,119.0
22200434,1610612741,1610612752,91.0,114.0
22200435,1610612760,1610612750,110.0,112.0
22200436,1610612742,1610612757,130.0,110.0
22200437,1610612747,1610612743,126.0,108.0
22200424,1610612745,1610612748,108.0,111.0
22200425,1610612763,1610612749,142.0,101.0
22200426,1610612762,1610612740,132.0,129.0
22200427,1610612746,1610612756,95.0,111.0
22200414,1610612766,1610612765,134.0,141.0
22200415,1610612754,1610612744,125.0,119.0
22200416,1610612753,1610612737,135.0,124.0
22200417,1610612761,1610612758,123.0,124.0
22200418,1610612741,1610612752,120.0,128.0
22200419,1610612760,1610612748,108.0,110.0
22200420,1610612759,1610612757,112.0,128.0
22200421,1610612742,1610612739,90.0,105.0
22200422,1610612743,1610612764,141.0,128.0
22200423,1610612746,1610612750,99.0,88.0
22200409,1610612755,1610612758,123.0,103.0
22200410,1610612749,1610612744,128.0,111.0
22200411,1610612745,1610612756,111.0,97.0
22200412,1610612762,1610612740,121.0,100.0
22200413,1610612747,1610612738,118.0,122.0
22200402,1610612754,1610612748,82.0,87.0
22200403,1610612764,1610612751,100.0,112.0
22200404,1610612763,1610612737,128.0,103.0
22200405,1610612742,1610612760,121.0,114.0
22200406,1610612759,1610612739,112.0,111.0
22200407,1610612757,1610612750,133.0,112.0
22200408,1610612746,1610612738,113.0,93.0
22200395,1610612740,1610612756,129.0,124.0
22200396,1610612765,1610612747,117.0,124.0
22200397,1610612752,1610612758,112.0,99.0
22200398,1610612753,1610612761,111.0,99.0
22200399,1610612755,1610612766,131.0,113.0
22200400,1610612737,1610612741,123.0,122.0
22200401,1610612745,1610612749,97.0,92.0
22200387,1610612748,1610612759,111.0,115.0
22200388,1610612754,1610612751,133.0,136.0
22200389,1610612764,1610612746,107.0,114.0
22200390,1610612739,1610612760,110.0,102.0
22200391,1610612741,1610612742,144.0,115.0
22200392,1610612744,1610612738,123.0,107.0
22200393,1610612743,1610612762,115.0,110.0
22200394,1610612757,1610612750,124.0,118.0
22200377,1610612766,1610612752,102.0,121.0
22200378,1610612754,1610612764,121.0,111.0
22200379,1610612753,1610612761,113.0,109.0
22200380,1610612751,1610612737,120.0,116.0
22200381,1610612739,1610612758,95.0,106.0
22200382,1610612755,1610612747,133.0,122.0
22200383,1610612763,1610612765,114.0,103.0
22200384,1610612740,1610612756,128.0,117.0
22200385,1610612762,1610612750,108.0,118.0
22200386,1610612742,1610612749,105.0,106.0
22200374,1610612748,1610612746,115.0,110.0
22200375,1610612759,1610612745,118.0,109.0
22200376,1610612757,1610612743,120.0,121.0
22200363,1610612753,1610612746,116.0,111.0
22200364,1610612751,1610612766,122.0,116.0
22200365,1610612752,1610612737,113.0,89.0
22200366,1610612761,1610612747,126.0,113.0
22200367,1610612741,1610612764,115.0,111.0
22200368,1610612763,1610612760,123.0,102.0
22200369,1610612749,1610612758,126.0,113.0
22200370,1610612750,1610612754,121.0,115.0
22200371,1610612740,1610612765,104.0,98.0
22200372,1610612762,1610612744,124.0,123.0
22200373,1610612756,1610612738,98.0,125.0
22200360,1610612739,1610612747,116.0,102.0
22200361,1610612748,1610612765,96.0,116.0
22200362,1610612743,1610612742,115.0,116.0
22200352,1610612766,1610612746,117.0,119.0
22200353,1610612753,1610612749,102.0,109.0
22200354,1610612737,1610612760,114.0,121.0
22200355,1610612761,1610612738,110.0,116.0
22200356,1610612745,1610612755,132.0,123.0
22200357,1610612763,1610612748,101.0,93.0
22200358,1610612742,1610612756,130.0,111.0
22200359,1610612744,1610612754,104.0,112.0
22200344,1610612740,1610612743,121.0,106.0
22200345,1610612759,1610612756,95.0,133.0
22200346,1610612751,1610612738,92.0,103.0
22200347,1610612765,1610612763,112.0,122.0
22200348,1610612752,1610612739,92.0,81.0
22200349,1610612764,1610612747,119.0,130.0
22200350,1610612758,1610612741,110.0,101.0
22200351,1610612757,1610612754,116.0,100.0
22200337,1610612752,1610612742,100.0,121.0
22200338,1610612746,1610612758,96.0,123.0
22200339,1610612766,1610612749,96.0,105.0
22200340,1610612761,1610612753,121.0,108.0
22200341,1610612750,1610612760,128.0,135.0
22200342,1610612744,1610612745,120.0,101.0
22200343,1610612762,1610612757,111.0,116.0
22200326,1610612766,1610612764,117.0,116.0
22200327,1610612737,1610612743,117.0,109.0
22200328,1610612738,1610612748,116.0,120.0
22200329,1610612751,1610612761,114.0,105.0
22200330,1610612739,1610612753,107.0,96.0
22200331,1610612749,1610612747,129.0,133.0
22200332,1610612763,1610612755,117.0,109.0
22200333,1610612759,1610612740,99.0,117.0
22200334,1610612756,1610612745,121.0,122.0
22200335,1610612762,1610612754,139.0,119.0
22200336,1610612744,1610612741,119.0,111.0
22200325,1610612765,1610612742,131.0,125.0
22200312,1610612739,1610612755,113.0,85.0
22200313,1610612753,1610612737,108.0,125.0
22200314,1610612738,1610612748,134.0,121.0
22200315,1610612751,1610612764,113.0,107.0
22200316,1610612752,1610612749,103.0,109.0
22200317,1610612750,1610612763,109.0,101.0
22200318,1610612740,1610612761,126.0,108.0
22200319,1610612760,1610612759,119.0,111.0
22200320,1610612743,1610612745,120.0,100.0
22200321,1610612756,1610612741,132.0,113.0
22200322,1610612762,1610612746,125.0,112.0
22200323,1610612758,1610612754,137.0,114.0
22200324,1610612747,1610612757,128.0,109.0
22200309,1610612765,1610612752,110.0,140.0
22200310,1610612742,1610612744,116.0,113.0
22200311,1610612757,1610612746,112.0,118.0
22200299,1610612755,1610612737,104.0,101.0
22200300,1610612764,1610612750,142.0,127.0
22200301,1610612738,1610612766,140.0,105.0
22200302,1610612751,1610612753,109.0,102.0
22200303,1610612761,1610612739,100.0,88.0
22200304,1610612740,1610612760,105.0,101.0
22200305,1610612743,1610612745,129.0,113.0
22200306,1610612762,1610612741,107.0,114.0
22200307,1610612758,1610612756,117.0,122.0
22200308,1610612747,1610612754,115.0,116.0
22200290,1610612751,1610612757,111.0,97.0
22200291,1610612750,1610612744,114.0,137.0
22200292,1610612746,1610612754,114.0,100.0
22200293,1610612737,1610612748,98.0,106.0
22200294,1610612738,1610612764,130.0,121.0
22200295,1610612765,1610612739,94.0,102.0
22200296,1610612752,1610612763,123.0,127.0
22200297,1610612753,1610612755,103.0,133.0
22200298,1610612749,1610612742,124.0,115.0
22200286,1610612761,1610612742,105.0,100.0
22200287,1610612745,1610612760,118.0,105.0
22200288,1610612759,1610612747,138.0,143.0
22200289,1610612756,1610612762,113.0,112.0
22200272,1610612766,1610612750,110.0,108.0
22200273,1610612753,1610612755,99.0,107.0
22200274,1610612752,1610612757,129.0,132.0
22200275,1610612738,1610612758,122.0,104.0
22200276,1610612754,1610612751,128.0,117.0
22200277,1610612748,1610612764,110.0,107.0
22200278,1610612745,1610612737,128.0,122.0
22200279,1610612763,1610612740,132.0,111.0
22200280,1610612749,1610612739,117.0,102.0
22200281,1610612760,1610612741,123.0,119.0
22200282,1610612759,1610612747,94.0,105.0
22200283,1610612756,1610612765,108.0,102.0
22200284,1610612744,1610612762,129.0,118.0
22200285,1610612746,1610612743,104.0,114.0
22200260,1610612766,1610612755,107.0,101.0
22200261,1610612739,1610612757,114.0,96.0
22200262,1610612754,1610612750,101.0,115.0
22200263,1610612737,1610612758,115.0,106.0
22200264,1610612738,1610612742,125.0,112.0
22200265,1610612748,1610612764,113.0,105.0
22200266,1610612761,1610612751,98.0,112.0
22200267,1610612749,1610612741,113.0,118.0
22200268,1610612760,1610612743,126.0,131.0
22200269,1610612759,1610612740,110.0,129.0
22200270,1610612762,1610612765,116.0,125.0
22200271,1610612744,1610612746,124.0,107.0
22200256,1610612755,1610612751,115.0,106.0
22200257,1610612763,1610612758,109.0,113.0
22200258,1610612743,1610612765,108.0,110.0
22200259,1610612756,1610612747,115.0,105.0
22200248,1610612739,1610612737,114.0,102.0
22200249,1610612754,1610612753,123.0,102.0
22200250,1610612741,1610612738,121.0,107.0
22200251,1610612749,1610612757,119.0,111.0
22200252,1610612750,1610612748,105.0,101.0
22200253,1610612740,1610612744,128.0,83.0
22200254,1610612760,1610612752,119.0,129.0
22200255,1610612746,1610612762,121.0,114.0
22200240,1610612756,1610612752,116.0,95.0
22200241,1610612764,1610612766,106.0,102.0
22200242,1610612758,1610612765,137.0,129.0
22200243,1610612751,1610612763,127.0,115.0
22200244,1610612739,1610612748,113.0,87.0
22200245,1610612745,1610612744,120.0,127.0
22200246,1610612742,1610612743,97.0,98.0
22200247,1610612747,1610612759,123.0,92.0
22200235,1610612737,1610612761,124.0,122.0
22200237,1610612755,1610612750,109.0,112.0
22200238,1610612757,1610612762,113.0,118.0
22200239,1610612746,1610612759,119.0,97.0
22200224,1610612764,1610612748,107.0,106.0
22200225,1610612739,1610612766,132.0,122.0
22200226,1610612755,1610612749,110.0,102.0
22200227,1610612741,1610612753,107.0,108.0
22200228,1610612745,1610612754,91.0,99.0
22200229,1610612763,1610612760,121.0,110.0
22200230,1610612742,1610612743,127.0,99.0
22200231,1610612740,1610612738,109.0,117.0
22200232,1610612762,1610612756,134.0,133.0
22200233,1610612744,1610612752,111.0,101.0
22200234,1610612747,1610612765,128.0,121.0
22200221,1610612757,1610612751,107.0,109.0
22200222,1610612758,1610612759,130.0,112.0
22200223,1610612746,1610612765,96.0,91.0
22200211,1610612766,1610612754,113.0,125.0
22200212,1610612753,1610612750,108.0,126.0
22200213,1610612764,1610612760,120.0,121.0
22200214,1610612737,1610612738,101.0,126.0
22200215,1610612761,1610612748,112.0,104.0
22200216,1610612749,1610612739,113.0,98.0
22200217,1610612740,1610612741,124.0,110.0
22200218,1610612742,1610612745,92.0,101.0
22200219,1610612743,1610612752,103.0,106.0
22200220,1610612756,1610612744,130.0,119.0
22200206,1610612740,1610612763,113.0,102.0
22200207,1610612742,1610612746,103.0,101.0
22200208,1610612762,1610612752,111.0,118.0
22200209,1610612757,1610612759,117.0,110.0
22200210,1610612758,1610612751,153.0,121.0
22200199,1610612765,1610612761,111.0,115.0
22200200,1610612753,1610612766,105.0,112.0
22200201,1610612738,1610612760,126.0,122.0
22200202,1610612748,1610612756,113.0,112.0
22200203,1610612745,1610612746,106.0,122.0
22200204,1610612749,1610612737,106.0,121.0
22200205,1610612744,1610612759,132.0,95.0
22200192,1610612752,1610612760,135.0,145.0
22200193,1610612739,1610612750,124.0,129.0
22200194,1610612764,1610612763,102.0,92.0
22200195,1610612755,1610612762,105.0,98.0
22200196,1610612741,1610612743,103.0,126.0
22200197,1610612758,1610612744,122.0,115.0
22200198,1610612747,1610612751,116.0,103.0
22200184,1610612746,1610612751,95.0,110.0
22200185,1610612764,1610612762,121.0,112.0
22200186,1610612765,1610612738,108.0,117.0
22200187,1610612754,1610612761,118.0,104.0
22200188,1610612755,1610612737,121.0,109.0
22200189,1610612748,1610612766,132.0,115.0
22200190,1610612742,1610612757,117.0,112.0
22200191,1610612740,1610612745,119.0,106.0
22200176,1610612738,1610612743,131.0,112.0
22200177,1610612753,1610612756,114.0,97.0
22200178,1610612752,1610612765,121.0,112.0
22200179,1610612760,1610612761,132.0,113.0
22200180,1610612759,1610612749,111.0,93.0
22200181,1610612763,1610612750,114.0,103.0
22200182,1610612744,1610612739,106.0,101.0
22200183,1610612747,1610612758,114.0,120.0
22200172,1610612764,1610612742,113.0,105.0
22200173,1610612737,1610612755,104.0,95.0
22200174,1610612748,1610612766,117.0,112.0
22200175,1610612740,1610612757,95.0,106.0
22200161,1610612753,1610612742,94.0,87.0
22200159,1610612766,1610612757,95.0,105.0
22200160,1610612754,1610612743,119.0,122.0
22200162,1610612737,1610612762,119.0,125.0
22200163,1610612738,1610612765,128.0,112.0
22200164,1610612751,1610612752,112.0,85.0
22200165,1610612761,1610612745,116.0,109.0
22200166,1610612741,1610612740,111.0,115.0
22200167,1610612750,1610612756,117.0,129.0
22200168,1610612760,1610612749,132.0,136.0
22200169,1610612759,1610612763,122.0,124.0
22200170,1610612746,1610612747,114.0,101.0
22200171,1610612758,1610612739,127.0,120.0
22200144,1610612766,1610612764,100.0,108.0
22200145,1610612753,1610612745,127.0,134.0
22200146,1610612765,1610612760,112.0,103.0
22200147,1610612754,1610612740,129.0,122.0
22200148,1610612755,1610612756,100.0,88.0
22200149,1610612737,1610612749,117.0,98.0
22200150,1610612748,1610612757,107.0,110.0
22200151,1610612741,1610612761,111.0,97.0
22200152,1610612763,1610612738,106.0,109.0
22200153,1610612750,1610612752,107.0,120.0
22200154,1610612759,1610612743,109.0,115.0
22200155,1610612742,1610612751,96.0,94.0
22200156,1610612744,1610612758,116.0,113.0
22200157,1610612762,1610612747,139.0,116.0
22200158,1610612746,1610612739,119.0,117.0
22200140,1610612747,1610612739,100.0,114.0
22200141,1610612761,1610612741,113.0,104.0
22200142,1610612763,1610612764,103.0,97.0
22200143,1610612746,1610612762,102.0,110.0
22200132,1610612753,1610612758,123.0,126.0
22200133,1610612766,1610612751,94.0,98.0
22200134,1610612737,1610612740,124.0,121.0
22200135,1610612752,1610612738,118.0,133.0
22200136,1610612749,1610612760,108.0,94.0
22200137,1610612750,1610612745,129.0,117.0
22200138,1610612743,1610612759,126.0,101.0
22200139,1610612756,1610612757,102.0,82.0
22200120,1610612765,1610612739,88.0,112.0
22200121,1610612754,1610612748,101.0,99.0
22200122,1610612755,1610612752,104.0,106.0
22200123,1610612764,1610612751,86.0,128.0
22200124,1610612738,1610612741,123.0,119.0
22200125,1610612763,1610612766,130.0,99.0
22200126,1610612759,1610612746,106.0,113.0
22200127,1610612742,1610612761,111.0,110.0
22200128,1610612740,1610612744,114.0,105.0
22200129,1610612750,1610612749,102.0,115.0
22200130,1610612756,1610612757,106.0,108.0
22200131,1610612747,1610612762,116.0,130.0
22200118,1610612753,1610612744,130.0,129.0
22200119,1610612760,1610612743,110.0,122.0
22200108,1610612755,1610612764,111.0,121.0
22200107,1610612739,1610612738,114.0,113.0
22200109,1610612748,1610612758,110.0,107.0
22200110,1610612752,1610612737,99.0,112.0
22200111,1610612741,1610612766,106.0,88.0
22200112,1610612745,1610612746,101.0,109.0
22200113,1610612749,1610612765,116.0,91.0
22200114,1610612759,1610612761,100.0,143.0
22200115,1610612742,1610612762,103.0,100.0
22200116,1610612757,1610612763,106.0,111.0
22200117,1610612747,1610612740,120.0,117.0
22200103,1610612751,1610612741,99.0,108.0
22200104,1610612748,1610612744,116.0,109.0
22200105,1610612760,1610612753,116.0,108.0
22200106,1610612756,1610612750,116.0,107.0
22200096,1610612766,1610612758,108.0,115.0
22200097,1610612764,1610612755,111.0,118.0
22200098,1610612751,1610612754,116.0,109.0
22200099,1610612761,1610612737,139.0,109.0
22200100,1610612749,1610612765,110.0,108.0
22200101,1610612762,1610612763,121.0,105.0
22200102,1610612746,1610612745,95.0,93.0
22200088,1610612746,1610612740,91.0,112.0
22200089,1610612738,1610612764,112.0,94.0
22200090,1610612739,1610612752,121.0,108.0
22200091,1610612765,1610612744,128.0,114.0
22200092,1610612759,1610612750,107.0,98.0
22200093,1610612742,1610612753,114.0,105.0
22200094,1610612756,1610612745,124.0,109.0
22200095,1610612747,1610612743,121.0,110.0
22200081,1610612758,1610612748,119.0,113.0
22200082,1610612766,1610612744,120.0,113.0
22200083,1610612751,1610612754,116.0,125.0
22200084,1610612741,1610612755,109.0,114.0
22200085,1610612749,1610612737,123.0,115.0
22200086,1610612742,1610612760,111.0,117.0
22200087,1610612762,1610612763,124.0,123.0
22200070,1610612765,1610612737,112.0,136.0
22200071,1610612753,1610612766,113.0,93.0
22200072,1610612738,1610612739,123.0,132.0
22200073,1610612761,1610612755,90.0,112.0
22200074,1610612764,1610612754,117.0,127.0
22200075,1610612749,1610612752,119.0,108.0
22200076,1610612750,1610612747,111.0,102.0
22200077,1610612759,1610612741,129.0,124.0
22200078,1610612743,1610612762,117.0,101.0
22200079,1610612756,1610612740,124.0,111.0
22200080,1610612757,1610612745,125.0,111.0
22200066,1610612751,1610612742,125.0,129.0
22200067,1610612760,1610612746,118.0,110.0
22200068,1610612744,1610612748,123.0,110.0
22200069,1610612758,1610612763,110.0,125.0
22200056,1610612739,1610612753,103.0,92.0
22200057,1610612765,1610612737,113.0,118.0
22200058,1610612752,1610612766,134.0,131.0
22200059,1610612761,1610612755,119.0,109.0
22200060,1610612749,1610612751,110.0,99.0
22200061,1610612741,1610612754,124.0,109.0
22200062,1610612750,1610612759,134.0,122.0
22200063,1610612762,1610612745,109.0,101.0
22200064,1610612743,1610612747,110.0,99.0
22200065,1610612757,1610612748,98.0,119.0
22200052,1610612764,1610612765,120.0,99.0
22200053,1610612740,1610612742,113.0,111.0
22200054,1610612760,1610612746,108.0,94.0
22200055,1610612756,1610612744,134.0,105.0
22200044,1610612755,1610612754,120.0,106.0
22200045,1610612748,1610612761,90.0,98.0
22200046,1610612752,1610612753,115.0,102.0
22200047,1610612741,1610612738,120.0,102.0
22200048,1610612745,1610612762,114.0,108.0
22200049,1610612763,1610612751,134.0,124.0
22200050,1610612750,1610612759,106.0,115.0
22200051,1610612757,1610612743,135.0,110.0
22200037,1610612747,1610612757,104.0,106.0
22200038,1610612737,1610612766,109.0,126.0
22200039,1610612739,1610612764,117.0,107.0
22200040,1610612740,1610612762,121.0,122.0
22200041,1610612760,1610612750,106.0,116.0
22200042,1610612744,1610612758,130.0,125.0
22200043,1610612746,1610612756,95.0,112.0
22200028,1610612755,1610612759,105.0,114.0
22200029,1610612754,1610612765,124.0,115.0
22200030,1610612753,1610612738,120.0,126.0
22200031,1610612748,1610612761,112.0,109.0
22200032,1610612741,1610612739,96.0,128.0
22200033,1610612749,1610612745,125.0,105.0
22200034,1610612742,1610612763,137.0,96.0
22200035,1610612743,1610612760,122.0,117.0
22200036,1610612758,1610612746,109.0,111.0
22200017,1610612766,1610612740,112.0,124.0
22200018,1610612754,1610612759,134.0,137.0
22200019,1610612764,1610612741,102.0,100.0
22200020,1610612737,1610612753,108.0,98.0
22200021,1610612751,1610612761,109.0,105.0
22200022,1610612748,1610612738,104.0,111.0
22200023,1610612752,1610612765,130.0,106.0
22200024,1610612745,1610612763,122.0,129.0
22200025,1610612750,1610612762,126.0,132.0
22200026,1610612744,1610612743,123.0,128.0
22200027,1610612757,1610612756,113.0,111.0
22200015,1610612755,1610612749,88.0,90.0
22200016,1610612747,1610612746,97.0,103.0
22200003,1610612765,1610612753,113.0,109.0
22200004,1610612754,1610612764,107.0,114.0
22200005,1610612737,1610612745,117.0,107.0
22200006,1610612751,1610612740,108.0,130.0
22200007,1610612748,1610612741,108.0,116.0
22200008,1610612761,1610612739,108.0,105.0
22200009,1610612763,1610612752,115.0,112.0
22200010,1610612750,1610612760,115.0,108.0
22200011,1610612759,1610612766,102.0,129.0
22200012,1610612762,1610612743,123.0,102.0
22200013,1610612756,1610612742,107.0,105.0
22200014,1610612758,1610612757,108.0,115.0
22200001,1610612738,1610612755,126.0,117.0
22200002,1610612744,1610612747,123.0,109.0
12200062,1610612754,1610612745,114.0,122.0
12200063,1610612753,1610612739,114.0,108.0
12200064,1610612761,1610612738,137.0,134.0
12200065,1610612752,1610612764,105.0,89.0
12200066,1610612750,1610612751,102.0,112.0
12200067,1610612740,1610612737,120.0,111.0
12200068,1610612762,1610612742,101.0,115.0
12200069,1610612744,1610612743,112.0,119.0
12200070,1610612758,1610612747,133.0,86.0
12200060,1610612765,1610612763,111.0,126.0
12200061,1610612759,1610612760,112.0,118.0
12200052,1610612739,1610612737,105.0,99.0
12200053,1610612754,1610612752,109.0,100.0
12200054,1610612755,1610612766,99.0,94.0
12200055,1610612748,1610612740,120.0,103.0
12200056,1610612749,1610612751,97.0,107.0
12200057,1610612747,1610612750,113.0,118.0
12200058,1610612756,1610612758,104.0,105.0
12200059,1610612746,1610612743,115.0,126.0
12200047,1610612765,1610612760,99.0,115.0
12200048,1610612753,1610612763,109.0,105.0
12200049,1610612741,1610612749,127.0,104.0
12200050,1610612762,1610612759,104.0,111.0
12200051,1610612744,1610612757,131.0,98.0
12200043,1610612766,1610612764,107.0,116.0
12200044,1610612739,1610612755,97.0,113.0
12200045,1610612748,1610612745,118.0,110.0
12200046,1610612743,1610612756,107.0,105.0
12200037,1610612761,1610612741,98.0,115.0
12200039,1610612759,1610612740,97.0,111.0
12200040,1610612744,1610612747,121.0,124.0
12200041,1610612758,1610612757,126.0,94.0
12200042,1610612746,1610612750,117.0,119.0
12200036,1610612749,1610612737,109.0,118.0
12200029,1610612766,1610612738,103.0,112.0
12200030,1610612752,1610612754,131.0,114.0
12200031,1610612741,1610612743,131.0,113.0
12200032,1610612745,1610612761,116.0,100.0
12200033,1610612763,1610612748,108.0,111.0
12200034,1610612740,1610612765,107.0,101.0
12200035,1610612742,1610612753,105.0,110.0
12200023,1610612737,1610612749,123.0,113.0
12200024,1610612751,1610612748,80.0,109.0
12200026,1610612759,1610612753,99.0,102.0
12200028,1610612747,1610612750,99.0,114.0
12200018,1610612766,1610612754,97.0,122.0
12200019,1610612755,1610612739,113.0,112.0
12200020,1610612738,1610612761,119.0,125.0
12200021,1610612760,1610612742,96.0,98.0
12200022,1610612747,1610612756,115.0,119.0
12200014,1610612752,1610612765,117.0,96.0
12200015,1610612748,1610612750,111.0,121.0
12200016,1610612741,1610612740,125.0,129.0
12200017,1610612757,1610612762,101.0,118.0
12200009,1610612751,1610612755,108.0,127.0
12200010,1610612763,1610612753,109.0,97.0
12200011,1610612743,1610612760,101.0,112.0
12200012,1610612747,1610612758,75.0,105.0
12200013,1610612746,1610612757,102.0,97.0
12200004,1610612744,1610612764,104.0,95.0
12200005,1610612738,1610612766,134.0,93.0
12200006,1610612761,1610612762,114.0,82.0
12200007,1610612745,1610612759,134.0,96.0
12200003,1610612749,1610612763,102.0,107.0
12200001,1610612764,1610612744,87.0,96.0
42100406,1610612738,1610612744,90.0,103.0
42100405,1610612744,1610612738,104.0,94.0
42100404,1610612738,1610612744,97.0,107.0
42100403,1610612738,1610612744,116.0,100.0
42100402,1610612744,1610612738,107.0,88.0
42100401,1610612744,1610612738,108.0,120.0
42100307,1610612748,1610612738,96.0,100.0
42100306,1610612738,1610612748,103.0,111.0
42100315,1610612744,1610612742,120.0,110.0
42100305,1610612748,1610612738,80.0,93.0
42100314,1610612742,1610612744,119.0,109.0
42100304,1610612738,1610612748,102.0,82.0
42100313,1610612742,1610612744,100.0,109.0
42100303,1610612738,1610612748,103.0,109.0
42100312,1610612744,1610612742,126.0,117.0
42100302,1610612748,1610612738,102.0,127.0
42100311,1610612744,1610612742,112.0,87.0
42100301,1610612748,1610612738,118.0,107.0
42100217,1610612738,1610612749,109.0,81.0
42100227,1610612756,1610612742,90.0,123.0
42100216,1610612749,1610612738,95.0,108.0
42100236,1610612744,1610612763,110.0,96.0
42100206,1610612755,1610612748,90.0,99.0
42100226,1610612742,1610612756,113.0,86.0
42100215,1610612738,1610612749,107.0,110.0
42100235,1610612763,1610612744,134.0,95.0
42100205,1610612748,1610612755,120.0,85.0
42100225,1610612756,1610612742,110.0,80.0
42100214,1610612749,1610612738,108.0,116.0
42100234,1610612744,1610612763,101.0,98.0
42100224,1610612742,1610612756,111.0,101.0
42100204,1610612755,1610612748,116.0,108.0
42100213,1610612749,1610612738,103.0,101.0
42100233,1610612744,1610612763,142.0,112.0
42100203,1610612755,1610612748,99.0,79.0
42100223,1610612742,1610612756,103.0,94.0
42100202,1610612748,1610612755,119.0,103.0
42100222,1610612756,1610612742,129.0,109.0
42100212,1610612738,1610612749,109.0,86.0
42100232,1610612763,1610612744,106.0,101.0
42100201,1610612748,1610612755,106.0,92.0
42100221,1610612756,1610612742,121.0,114.0
42100211,1610612738,1610612749,89.0,101.0
42100231,1610612763,1610612744,116.0,117.0
42100156,1610612750,1610612763,106.0,114.0
42100136,1610612761,1610612755,97.0,132.0
42100146,1610612740,1610612756,109.0,115.0
42100176,1610612762,1610612742,96.0,98.0
42100125,1610612749,1610612741,116.0,100.0
42100165,1610612744,1610612743,102.0,98.0
42100105,1610612748,1610612737,97.0,94.0
42100155,1610612763,1610612750,111.0,109.0
42100145,1610612756,1610612740,112.0,97.0
42100114,1610612751,1610612738,112.0,116.0
42100135,1610612755,1610612761,88.0,103.0
42100175,1610612742,1610612762,102.0,77.0
42100124,1610612741,1610612749,95.0,119.0
42100164,1610612743,1610612744,126.0,121.0
42100104,1610612737,1610612748,86.0,110.0
42100144,1610612740,1610612756,118.0,103.0
42100134,1610612761,1610612755,110.0,102.0
42100174,1610612762,1610612742,100.0,99.0
42100113,1610612751,1610612738,103.0,109.0
42100154,1610612750,1610612763,119.0,118.0
42100103,1610612737,1610612748,111.0,110.0
42100123,1610612741,1610612749,81.0,111.0
42100143,1610612740,1610612756,111.0,114.0
42100153,1610612750,1610612763,95.0,104.0
42100173,1610612762,1610612742,118.0,126.0
42100163,1610612743,1610612744,113.0,118.0
42100112,1610612738,1610612751,114.0,107.0
42100133,1610612761,1610612755,101.0,104.0
42100122,1610612749,1610612741,110.0,114.0
42100102,1610612748,1610612737,115.0,105.0
42100152,1610612763,1610612750,124.0,96.0
42100142,1610612756,1610612740,114.0,125.0
42100132,1610612755,1610612761,112.0,97.0
42100172,1610612742,1610612762,110.0,104.0
42100162,1610612744,1610612743,126.0,106.0
42100101,1610612748,1610612737,115.0,91.0
42100111,1610612738,1610612751,115.0,114.0
42100121,1610612749,1610612741,93.0,86.0
42100141,1610612756,1610612740,110.0,99.0
42100171,1610612742,1610612762,93.0,99.0
42100151,1610612763,1610612750,117.0,130.0
42100131,1610612755,1610612761,131.0,111.0
42100161,1610612744,1610612743,123.0,107.0
52100201,1610612739,1610612737,101.0,107.0
52100211,1610612746,1610612740,101.0,105.0
52100111,1610612737,1610612766,132.0,103.0
52100131,1610612740,1610612759,113.0,103.0
52100101,1610612751,1610612739,115.0,108.0
52100121,1610612750,1610612746,109.0,104.0
22101216,1610612751,1610612754,134.0,126.0
22101217,1610612766,1610612764,124.0,108.0
22101218,1610612739,1610612749,133.0,115.0
22101221,1610612745,1610612737,114.0,130.0
22101223,1610612763,1610612738,110.0,139.0
22101226,1610612752,1610612761,105.0,94.0
22101227,1610612753,1610612748,125.0,111.0
22101228,1610612755,1610612765,118.0,106.0
22101224,1610612750,1610612741,120.0,124.0
22101219,1610612742,1610612759,130.0,120.0
22101220,1610612743,1610612747,141.0,146.0
22101222,1610612746,1610612760,138.0,88.0
22101225,1610612740,1610612744,107.0,128.0
22101229,1610612756,1610612758,109.0,116.0
22101230,1610612757,1610612762,80.0,111.0
22101214,1610612755,1610612754,133.0,120.0
22101213,1610612763,1610612740,141.0,114.0
22101215,1610612759,1610612744,94.0,100.0
22101212,1610612746,1610612758,117.0,98.0
22101203,1610612765,1610612749,101.0,131.0
22101204,1610612764,1610612752,92.0,114.0
22101205,1610612751,1610612739,118.0,107.0
22101206,1610612761,1610612745,117.0,115.0
22101207,1610612748,1610612737,113.0,109.0
22101208,1610612741,1610612766,117.0,133.0
22101209,1610612742,1610612757,128.0,78.0
22101210,1610612762,1610612756,105.0,111.0
22101211,1610612747,1610612760,120.0,101.0
22101196,1610612766,1610612753,128.0,101.0
22101197,1610612761,1610612755,119.0,114.0
22101198,1610612749,1610612738,127.0,121.0
22101199,1610612750,1610612759,127.0,121.0
22101200,1610612740,1610612757,127.0,94.0
22101201,1610612743,1610612763,122.0,109.0
22101202,1610612744,1610612747,128.0,112.0
22101190,1610612765,1610612742,113.0,131.0
22101191,1610612752,1610612751,98.0,110.0
22101192,1610612737,1610612764,118.0,103.0
22101193,1610612741,1610612738,94.0,117.0
22101194,1610612762,1610612760,137.0,101.0
22101195,1610612746,1610612756,113.0,109.0
22101178,1610612754,1610612755,122.0,131.0
22101179,1610612753,1610612739,120.0,115.0
22101180,1610612751,1610612745,118.0,105.0
22101181,1610612748,1610612766,144.0,115.0
22101182,1610612761,1610612737,118.0,108.0
22101183,1610612741,1610612749,106.0,127.0
22101184,1610612750,1610612764,114.0,132.0
22101185,1610612760,1610612757,98.0,94.0
22101186,1610612743,1610612759,97.0,116.0
22101187,1610612762,1610612763,121.0,115.0
22101188,1610612758,1610612740,109.0,123.0
22101189,1610612756,1610612747,121.0,110.0
22101166,1610612738,1610612764,144.0,102.0
22101167,1610612749,1610612742,112.0,118.0
22101168,1610612747,1610612743,118.0,129.0
22101169,1610612754,1610612765,117.0,121.0
22101170,1610612739,1610612755,108.0,112.0
22101171,1610612753,1610612752,88.0,118.0
22101172,1610612761,1610612748,109.0,114.0
22101173,1610612745,1610612750,132.0,139.0
22101174,1610612760,1610612756,117.0,96.0
22101175,1610612759,1610612757,113.0,92.0
22101176,1610612758,1610612744,90.0,109.0
22101177,1610612746,1610612740,119.0,100.0
22101161,1610612755,1610612766,144.0,114.0
22101162,1610612752,1610612739,101.0,119.0
22101163,1610612737,1610612751,122.0,115.0
22101164,1610612741,1610612748,109.0,127.0
22101165,1610612744,1610612762,111.0,107.0
22101151,1610612753,1610612761,89.0,102.0
22101152,1610612764,1610612742,135.0,103.0
22101153,1610612738,1610612754,128.0,123.0
22101154,1610612745,1610612758,117.0,122.0
22101155,1610612763,1610612756,122.0,114.0
22101156,1610612749,1610612746,119.0,153.0
22101157,1610612760,1610612765,101.0,110.0
22101158,1610612759,1610612757,130.0,111.0
22101159,1610612743,1610612750,130.0,136.0
22101160,1610612747,1610612740,111.0,114.0
22101147,1610612765,1610612755,102.0,94.0
22100452,1610612737,1610612739,131.0,107.0
22101148,1610612751,1610612749,119.0,120.0
22101149,1610612741,1610612746,135.0,130.0
22101150,1610612762,1610612747,122.0,109.0
22101136,1610612739,1610612742,112.0,120.0
22101137,1610612754,1610612743,118.0,125.0
22101138,1610612764,1610612753,127.0,110.0
22101139,1610612738,1610612748,98.0,106.0
22101140,1610612752,1610612766,114.0,125.0
22101141,1610612761,1610612750,125.0,102.0
22101142,1610612745,1610612758,118.0,121.0
22101143,1610612760,1610612737,118.0,136.0
22101144,1610612759,1610612763,111.0,112.0
22101145,1610612744,1610612756,103.0,107.0
22101146,1610612757,1610612740,107.0,117.0
22101131,1610612755,1610612749,116.0,118.0
22101132,1610612764,1610612741,94.0,107.0
22101133,1610612751,1610612765,130.0,123.0
22101134,1610612742,1610612747,128.0,110.0
22101135,1610612746,1610612762,121.0,115.0
22101122,1610612766,1610612743,109.0,113.0
22101123,1610612739,1610612753,107.0,101.0
22101124,1610612754,1610612737,123.0,132.0
22101125,1610612748,1610612758,123.0,100.0
22101126,1610612752,1610612741,109.0,104.0
22101127,1610612761,1610612738,115.0,112.0
22101128,1610612745,1610612759,120.0,123.0
22101129,1610612763,1610612744,123.0,95.0
22101130,1610612757,1610612760,131.0,134.0
22101115,1610612765,1610612752,102.0,104.0
22101116,1610612738,1610612750,134.0,112.0
22101117,1610612764,1610612744,123.0,115.0
22101118,1610612756,1610612755,114.0,104.0
22101119,1610612740,1610612747,116.0,108.0
22101120,1610612751,1610612766,110.0,119.0
22101121,1610612742,1610612762,114.0,100.0
22101107,1610612740,1610612759,103.0,107.0
22101108,1610612753,1610612758,110.0,114.0
22101109,1610612761,1610612754,131.0,91.0
22101110,1610612739,1610612741,94.0,98.0
22101111,1610612748,1610612751,95.0,110.0
22101112,1610612763,1610612749,127.0,102.0
22101113,1610612743,1610612760,113.0,107.0
22101114,1610612757,1610612745,98.0,115.0
22101100,1610612766,1610612762,107.0,101.0
22101101,1610612765,1610612764,97.0,100.0
22101102,1610612737,1610612744,121.0,110.0
22101103,1610612748,1610612752,103.0,111.0
22101104,1610612750,1610612742,116.0,95.0
22101105,1610612757,1610612745,106.0,125.0
22101106,1610612746,1610612755,97.0,122.0
22101095,1610612761,1610612739,117.0,104.0
22101096,1610612763,1610612754,133.0,103.0
22101097,1610612749,1610612764,114.0,102.0
22101098,1610612740,1610612741,126.0,109.0
22101099,1610612743,1610612756,130.0,140.0
22101084,1610612766,1610612752,106.0,121.0
22101085,1610612765,1610612737,122.0,101.0
22101086,1610612754,1610612758,109.0,110.0
22101087,1610612738,1610612762,125.0,97.0
22101088,1610612748,1610612744,104.0,118.0
22101089,1610612763,1610612751,132.0,120.0
22101090,1610612750,1610612756,116.0,125.0
22101091,1610612760,1610612753,118.0,102.0
22101092,1610612742,1610612745,110.0,91.0
22101093,1610612747,1610612755,121.0,126.0
22101094,1610612757,1610612759,96.0,133.0
22101080,1610612753,1610612744,94.0,90.0
22101081,1610612752,1610612737,111.0,117.0
22101082,1610612749,1610612741,126.0,98.0
22101083,1610612743,1610612746,127.0,115.0
22101071,1610612766,1610612740,106.0,103.0
22101072,1610612739,1610612747,120.0,131.0
22101073,1610612765,1610612757,115.0,119.0
22101074,1610612755,1610612748,113.0,106.0
22101075,1610612751,1610612762,114.0,106.0
22101076,1610612741,1610612761,113.0,99.0
22101077,1610612745,1610612764,115.0,97.0
22101078,1610612760,1610612738,123.0,132.0
22101079,1610612742,1610612750,110.0,108.0
22101062,1610612754,1610612757,129.0,98.0
22101063,1610612745,1610612763,98.0,122.0
22101064,1610612737,1610612740,112.0,117.0
22101065,1610612753,1610612760,90.0,85.0
22101066,1610612758,1610612756,124.0,127.0
22101067,1610612752,1610612762,93.0,108.0
22101068,1610612743,1610612738,104.0,124.0
22101069,1610612755,1610612761,88.0,93.0
22101070,1610612744,1610612759,108.0,110.0
22101058,1610612750,1610612749,138.0,119.0
22101059,1610612766,1610612742,129.0,108.0
22101060,1610612739,1610612765,113.0,109.0
22101061,1610612764,1610612747,127.0,119.0
22101046,1610612755,1610612742,111.0,101.0
22101047,1610612737,1610612763,120.0,105.0
22101048,1610612751,1610612757,128.0,123.0
22101049,1610612739,1610612743,119.0,116.0
22101050,1610612752,1610612764,100.0,97.0
22101051,1610612761,1610612747,123.0,128.0
22101052,1610612748,1610612760,120.0,108.0
22101053,1610612745,1610612754,118.0,121.0
22101054,1610612759,1610612740,91.0,124.0
22101055,1610612762,1610612746,121.0,92.0
22101056,1610612756,1610612741,129.0,102.0
22101057,1610612758,1610612738,97.0,126.0
22101045,1610612753,1610612765,120.0,134.0
22101033,1610612766,1610612737,116.0,106.0
22101034,1610612739,1610612755,114.0,118.0
22101035,1610612764,1610612743,109.0,127.0
22101036,1610612751,1610612742,111.0,113.0
22101037,1610612752,1610612757,128.0,98.0
22101038,1610612745,1610612756,112.0,129.0
22101039,1610612750,1610612747,124.0,104.0
22101040,1610612759,1610612760,122.0,120.0
22101041,1610612762,1610612741,125.0,110.0
22101042,1610612744,1610612738,88.0,110.0
22101043,1610612758,1610612749,126.0,135.0
22101044,1610612746,1610612761,100.0,103.0
22101029,1610612754,1610612763,102.0,135.0
22101030,1610612753,1610612751,108.0,150.0
22101031,1610612748,1610612765,105.0,98.0
22101032,1610612740,1610612756,115.0,131.0
22101020,1610612739,1610612746,120.0,111.0
22101021,1610612737,1610612757,122.0,113.0
22101022,1610612755,1610612743,110.0,114.0
22101023,1610612760,1610612766,116.0,134.0
22101024,1610612759,1610612750,139.0,149.0
22101025,1610612744,1610612764,126.0,112.0
22101026,1610612758,1610612741,112.0,103.0
22101027,1610612762,1610612749,111.0,117.0
22101028,1610612747,1610612761,103.0,114.0
22101012,1610612751,1610612752,110.0,107.0
22101013,1610612765,1610612746,102.0,106.0
22101014,1610612738,1610612742,92.0,95.0
22101015,1610612753,1610612755,114.0,116.0
22101016,1610612737,1610612754,131.0,128.0
22101017,1610612740,1610612745,130.0,105.0
22101018,1610612760,1610612763,118.0,125.0
22101019,1610612756,1610612747,140.0,111.0
22101005,1610612748,1610612750,104.0,113.0
22101006,1610612741,1610612739,101.0,91.0
22101007,1610612759,1610612754,108.0,119.0
22101008,1610612744,1610612749,122.0,109.0
22101009,1610612743,1610612761,115.0,127.0
22101010,1610612762,1610612758,134.0,125.0
22101011,1610612757,1610612764,127.0,118.0
22100995,1610612753,1610612750,118.0,110.0
22100996,1610612737,1610612746,112.0,106.0
22100997,1610612738,1610612765,114.0,103.0
22100998,1610612748,1610612739,117.0,105.0
22100999,1610612745,1610612742,100.0,113.0
22101000,1610612763,1610612752,118.0,114.0
22101001,1610612740,1610612766,120.0,142.0
22101002,1610612759,1610612762,104.0,102.0
22101003,1610612756,1610612761,112.0,117.0
22101004,1610612747,1610612764,122.0,109.0
22100993,1610612755,1610612751,100.0,129.0
22100994,1610612743,1610612744,102.0,113.0
22100981,1610612766,1610612738,101.0,115.0
22100982,1610612765,1610612741,108.0,114.0
22100983,1610612748,1610612756,90.0,111.0
22100984,1610612749,1610612737,124.0,115.0
22100985,1610612745,1610612747,139.0,130.0
22100986,1610612750,1610612760,132.0,102.0
22100987,1610612740,1610612753,102.0,108.0
22100988,1610612742,1610612752,77.0,107.0
22100989,1610612759,1610612761,104.0,119.0
22100990,1610612762,1610612757,123.0,85.0
22100991,1610612758,1610612743,100.0,106.0
22100992,1610612746,1610612764,115.0,109.0
22100975,1610612766,1610612751,121.0,132.0
22100976,1610612754,1610612739,124.0,127.0
22100977,1610612753,1610612756,99.0,102.0
22100978,1610612763,1610612740,132.0,111.0
22100979,1610612760,1610612749,115.0,142.0
22100980,1610612744,1610612746,112.0,97.0
22100968,1610612765,1610612737,113.0,110.0
22100969,1610612755,1610612741,121.0,106.0
22100970,1610612748,1610612745,123.0,106.0
22100971,1610612750,1610612757,124.0,81.0
22100972,1610612742,1610612762,111.0,103.0
22100973,1610612759,1610612747,117.0,110.0
22100528,1610612743,1610612744,131.0,124.0
22100974,1610612758,1610612752,115.0,131.0
22100960,1610612738,1610612751,126.0,120.0
22100961,1610612749,1610612756,132.0,122.0
22100963,1610612764,1610612754,133.0,123.0
22100964,1610612745,1610612763,123.0,112.0
22100965,1610612760,1610612762,103.0,116.0
22100962,1610612739,1610612761,104.0,96.0
22100967,1610612743,1610612740,138.0,130.0
22100966,1610612746,1610612752,93.0,116.0
22100954,1610612742,1610612758,114.0,113.0
22100955,1610612766,1610612759,123.0,117.0
22100956,1610612748,1610612755,99.0,82.0
22100957,1610612763,1610612753,124.0,96.0
22100958,1610612750,1610612757,135.0,121.0
22100959,1610612747,1610612744,124.0,116.0
22100946,1610612765,1610612754,111.0,106.0
22100947,1610612755,1610612739,125.0,119.0
22100948,1610612764,1610612737,114.0,117.0
22100458,1610612761,1610612753,97.0,103.0
22100949,1610612741,1610612749,112.0,118.0
22100950,1610612740,1610612762,124.0,90.0
22100951,1610612760,1610612750,101.0,138.0
22100952,1610612743,1610612745,116.0,101.0
22100953,1610612756,1610612752,115.0,114.0
22100710,1610612737,1610612741,130.0,124.0
22100940,1610612738,1610612763,120.0,107.0
22100941,1610612751,1610612748,107.0,113.0
22100942,1610612761,1610612765,106.0,108.0
22100943,1610612742,1610612744,122.0,113.0
22100944,1610612759,1610612758,112.0,115.0
22100945,1610612746,1610612747,132.0,111.0
22100932,1610612739,1610612766,98.0,119.0
22100933,1610612753,1610612754,114.0,122.0
22100934,1610612755,1610612752,123.0,108.0
22100935,1610612745,1610612762,127.0,132.0
22100936,1610612749,1610612748,120.0,119.0
22100937,1610612740,1610612758,125.0,95.0
22100938,1610612743,1610612760,107.0,119.0
22100939,1610612756,1610612757,120.0,90.0
22100926,1610612764,1610612765,116.0,113.0
22100927,1610612738,1610612737,107.0,98.0
22100928,1610612761,1610612751,109.0,108.0
22100929,1610612745,1610612746,100.0,113.0
22100930,1610612750,1610612744,129.0,114.0
22100931,1610612747,1610612742,104.0,109.0
22100920,1610612739,1610612750,122.0,127.0
22100921,1610612753,1610612754,119.0,103.0
22100726,1610612751,1610612761,97.0,133.0
22100922,1610612748,1610612741,112.0,99.0
22100923,1610612763,1610612759,118.0,105.0
22100924,1610612749,1610612766,130.0,106.0
22100925,1610612760,1610612758,110.0,131.0
22100912,1610612752,1610612755,109.0,125.0
22100913,1610612756,1610612762,114.0,118.0
22100914,1610612754,1610612738,128.0,107.0
22100915,1610612766,1610612765,126.0,127.0
22100916,1610612745,1610612746,98.0,99.0
22100917,1610612744,1610612742,101.0,107.0
22100918,1610612757,1610612743,92.0,124.0
22100919,1610612747,1610612740,95.0,123.0
22100905,1610612765,1610612738,104.0,113.0
22100906,1610612737,1610612761,127.0,100.0
22100907,1610612739,1610612764,92.0,86.0
22100908,1610612748,1610612759,133.0,129.0
22100909,1610612741,1610612763,110.0,116.0
22100910,1610612749,1610612751,123.0,126.0
22100911,1610612743,1610612758,115.0,110.0
22100896,1610612766,1610612761,125.0,93.0
22100897,1610612754,1610612760,125.0,129.0
22100898,1610612753,1610612745,119.0,111.0
22100899,1610612764,1610612759,153.0,157.0
22100900,1610612752,1610612748,100.0,115.0
22100901,1610612750,1610612755,102.0,133.0
22100902,1610612756,1610612740,102.0,117.0
22100903,1610612762,1610612742,114.0,109.0
22100904,1610612747,1610612746,102.0,105.0
22100889,1610612765,1610612739,106.0,103.0
22100890,1610612751,1610612738,106.0,129.0
22100891,1610612741,1610612737,112.0,108.0
22100892,1610612750,1610612763,119.0,114.0
22100893,1610612760,1610612756,104.0,124.0
22100894,1610612757,1610612744,95.0,132.0
22100895,1610612758,1610612743,110.0,128.0
22100885,1610612766,1610612748,107.0,111.0
22100464,1610612751,1610612764,103.0,117.0
22100886,1610612740,1610612742,118.0,125.0
22100887,1610612749,1610612755,120.0,123.0
22100888,1610612746,1610612745,142.0,111.0
22100874,1610612753,1610612737,109.0,130.0
22100875,1610612738,1610612765,111.0,112.0
22100876,1610612754,1610612764,113.0,108.0
22100877,1610612752,1610612751,106.0,111.0
22100878,1610612741,1610612758,125.0,118.0
22100879,1610612763,1610612757,119.0,123.0
22100880,1610612750,1610612761,91.0,103.0
22100881,1610612760,1610612759,106.0,114.0
22100882,1610612756,1610612745,124.0,121.0
22100883,1610612744,1610612743,116.0,117.0
22100884,1610612747,1610612762,106.0,101.0
22100867,1610612737,1610612739,124.0,116.0
22100868,1610612748,1610612742,99.0,107.0
22100869,1610612755,1610612738,87.0,135.0
22100870,1610612749,1610612754,128.0,119.0
22100871,1610612750,1610612766,126.0,120.0
22100872,1610612740,1610612763,109.0,121.0
22100873,1610612756,1610612746,103.0,96.0
22100858,1610612764,1610612765,103.0,94.0
22100859,1610612751,1610612758,109.0,85.0
22100860,1610612752,1610612760,123.0,127.0
22100861,1610612741,1610612759,120.0,109.0
22100862,1610612749,1610612757,107.0,122.0
22100863,1610612740,1610612761,120.0,90.0
22100864,1610612743,1610612753,121.0,111.0
22100865,1610612762,1610612745,135.0,101.0
22100866,1610612746,1610612744,119.0,104.0
22100856,1610612738,1610612737,105.0,95.0
22100857,1610612754,1610612750,120.0,129.0
22100845,1610612757,1610612752,112.0,103.0
22100846,1610612766,1610612763,118.0,125.0
22100847,1610612764,1610612758,110.0,123.0
22100848,1610612740,1610612759,114.0,124.0
22100849,1610612755,1610612739,103.0,93.0
22100850,1610612761,1610612743,109.0,110.0
22100851,1610612748,1610612751,115.0,111.0
22100852,1610612741,1610612760,106.0,101.0
22100853,1610612742,1610612746,97.0,99.0
22100854,1610612744,1610612747,117.0,115.0
22100855,1610612756,1610612753,132.0,105.0
22100838,1610612765,1610612766,119.0,141.0
22100839,1610612754,1610612739,113.0,120.0
22100840,1610612755,1610612760,100.0,87.0
22100841,1610612737,1610612759,121.0,136.0
22100842,1610612738,1610612743,108.0,102.0
22100843,1610612741,1610612750,134.0,122.0
22100844,1610612762,1610612753,114.0,99.0
22100831,1610612765,1610612763,107.0,132.0
22100832,1610612764,1610612751,113.0,112.0
22100833,1610612740,1610612748,97.0,112.0
22100834,1610612745,1610612761,120.0,139.0
22100835,1610612742,1610612746,112.0,105.0
22100836,1610612756,1610612749,131.0,107.0
22100837,1610612744,1610612752,114.0,116.0
22100825,1610612739,1610612759,105.0,92.0
22100826,1610612766,1610612741,109.0,121.0
22100827,1610612760,1610612761,98.0,117.0
22100828,1610612762,1610612744,111.0,85.0
22100829,1610612757,1610612747,107.0,105.0
22100830,1610612758,1610612750,132.0,119.0
22100815,1610612755,1610612756,109.0,114.0
22100816,1610612737,1610612754,133.0,112.0
22100817,1610612751,1610612738,91.0,126.0
22100818,1610612763,1610612746,135.0,109.0
22100819,1610612740,1610612745,110.0,97.0
22100820,1610612742,1610612765,116.0,86.0
22100821,1610612743,1610612752,132.0,115.0
22100822,1610612747,1610612749,116.0,131.0
22100823,1610612757,1610612753,95.0,113.0
22100824,1610612758,1610612750,114.0,134.0
22100810,1610612766,1610612761,101.0,116.0
22100811,1610612764,1610612748,100.0,121.0
22100812,1610612741,1610612756,124.0,127.0
22100813,1610612760,1610612744,98.0,110.0
22100814,1610612762,1610612752,113.0,104.0
22100802,1610612741,1610612755,108.0,119.0
22100803,1610612750,1610612765,118.0,105.0
22100804,1610612743,1610612751,124.0,104.0
22100805,1610612739,1610612754,98.0,85.0
22100806,1610612753,1610612738,83.0,116.0
22100807,1610612742,1610612737,103.0,94.0
22100808,1610612745,1610612740,107.0,120.0
22100809,1610612746,1610612749,113.0,137.0
22100796,1610612753,1610612763,115.0,135.0
22100797,1610612766,1610612748,86.0,104.0
22100798,1610612764,1610612756,80.0,95.0
22100799,1610612747,1610612752,122.0,115.0
22100800,1610612757,1610612749,108.0,137.0
22100801,1610612758,1610612760,113.0,103.0
22100787,1610612766,1610612739,101.0,102.0
22100788,1610612765,1610612738,93.0,102.0
22100789,1610612754,1610612741,115.0,122.0
22100790,1610612761,1610612737,125.0,114.0
22100792,1610612759,1610612745,131.0,106.0
22100793,1610612762,1610612751,125.0,102.0
22100794,1610612743,1610612740,105.0,113.0
22100791,1610612742,1610612755,107.0,98.0
22100795,1610612757,1610612760,93.0,96.0
22100521,1610612759,1610612748,95.0,112.0
22100782,1610612765,1610612750,117.0,128.0
22100430,1610612761,1610612741,127.0,120.0
22100783,1610612737,1610612756,124.0,115.0
22100785,1610612744,1610612758,126.0,114.0
22100786,1610612746,1610612747,111.0,110.0
22100773,1610612754,1610612753,118.0,119.0
22100774,1610612755,1610612764,103.0,106.0
22100775,1610612738,1610612766,113.0,107.0
22100776,1610612752,1610612763,108.0,120.0
22100777,1610612745,1610612739,115.0,104.0
22100778,1610612742,1610612760,114.0,120.0
22100779,1610612762,1610612743,108.0,104.0
22100780,1610612758,1610612751,112.0,101.0
22100781,1610612747,1610612757,99.0,94.0
22100766,1610612765,1610612740,101.0,111.0
22100768,1610612749,1610612764,112.0,98.0
22100784,1610612761,1610612748,110.0,106.0
22100769,1610612741,1610612753,126.0,115.0
22100770,1610612750,1610612743,130.0,115.0
22100771,1610612759,1610612744,120.0,124.0
22100772,1610612756,1610612751,121.0,111.0
22100759,1610612739,1610612740,93.0,90.0
22100760,1610612754,1610612746,122.0,116.0
22100761,1610612755,1610612763,122.0,119.0
22100762,1610612738,1610612748,122.0,92.0
22100763,1610612752,1610612758,116.0,96.0
22100767,1610612737,1610612761,100.0,106.0
22100764,1610612745,1610612744,108.0,122.0
22100765,1610612760,1610612757,98.0,81.0
22100751,1610612737,1610612747,129.0,121.0
22100752,1610612766,1610612746,90.0,115.0
22100753,1610612741,1610612757,130.0,116.0
22100754,1610612765,1610612739,115.0,105.0
22100755,1610612753,1610612742,110.0,108.0
22100756,1610612749,1610612743,100.0,136.0
22100757,1610612750,1610612762,126.0,106.0
22100758,1610612756,1610612759,115.0,110.0
22100745,1610612740,1610612738,97.0,107.0
22100746,1610612742,1610612754,132.0,105.0
22100747,1610612755,1610612758,103.0,101.0
22100748,1610612748,1610612761,120.0,124.0
22100749,1610612763,1610612764,115.0,95.0
22100750,1610612744,1610612751,110.0,106.0
22100736,1610612753,1610612765,119.0,103.0
22100735,1610612766,1610612747,117.0,114.0
22100737,1610612737,1610612738,108.0,92.0
22100729,1610612740,1610612743,105.0,116.0
22100738,1610612748,1610612746,121.0,114.0
22100739,1610612745,1610612757,110.0,125.0
22100740,1610612763,1610612762,119.0,109.0
22100741,1610612760,1610612754,110.0,113.0
22100742,1610612759,1610612741,131.0,122.0
22100743,1610612756,1610612750,134.0,124.0
22100744,1610612749,1610612752,123.0,108.0
22100733,1610612755,1610612747,105.0,87.0
22100734,1610612744,1610612750,124.0,115.0
22100722,1610612739,1610612749,115.0,99.0
22100723,1610612754,1610612766,126.0,158.0
22100724,1610612753,1610612746,102.0,111.0
22100725,1610612737,1610612758,121.0,104.0
22100727,1610612748,1610612752,110.0,96.0
22100453,1610612751,1610612743,118.0,124.0
22100472,1610612741,1610612761,111.0,105.0
22100728,1610612759,1610612763,110.0,118.0
22100731,1610612762,1610612756,97.0,105.0
22100732,1610612757,1610612742,112.0,132.0
22100454,1610612755,1610612740,117.0,107.0
22100714,1610612765,1610612743,105.0,110.0
22100715,1610612761,1610612766,125.0,113.0
22100716,1610612764,1610612746,115.0,116.0
22100717,1610612738,1610612758,128.0,75.0
22100718,1610612751,1610612747,96.0,106.0
22100719,1610612745,1610612759,104.0,134.0
22100720,1610612744,1610612742,130.0,92.0
22100721,1610612757,1610612750,107.0,109.0
22100709,1610612739,1610612752,95.0,93.0
22100712,1610612740,1610612754,117.0,113.0
22100730,1610612760,1610612741,110.0,111.0
22100713,1610612756,1610612762,115.0,109.0
22100698,1610612752,1610612746,110.0,102.0
22100699,1610612764,1610612738,87.0,116.0
22100700,1610612748,1610612747,113.0,107.0
22100701,1610612753,1610612741,114.0,95.0
22100702,1610612761,1610612757,105.0,114.0
22100703,1610612766,1610612737,91.0,113.0
22100704,1610612759,1610612755,109.0,115.0
22100705,1610612742,1610612763,104.0,91.0
22100706,1610612750,1610612751,136.0,125.0
22100707,1610612743,1610612765,117.0,111.0
22100708,1610612744,1610612762,94.0,92.0
22100696,1610612749,1610612758,133.0,127.0
22100695,1610612739,1610612760,94.0,87.0
22100697,1610612756,1610612754,113.0,103.0
22100684,1610612766,1610612760,121.0,98.0
22100685,1610612753,1610612747,105.0,116.0
22100686,1610612755,1610612746,101.0,102.0
22100687,1610612737,1610612748,110.0,108.0
22100688,1610612738,1610612757,105.0,109.0
22100689,1610612764,1610612761,105.0,109.0
22100690,1610612749,1610612741,94.0,90.0
22100691,1610612759,1610612751,102.0,117.0
22100692,1610612743,1610612763,118.0,122.0
22100693,1610612762,1610612765,111.0,101.0
22100694,1610612744,1610612745,105.0,103.0
22100681,1610612752,1610612740,91.0,102.0
22100682,1610612742,1610612756,101.0,109.0
22100683,1610612744,1610612754,117.0,121.0
22100668,1610612755,1610612753,123.0,110.0
22100669,1610612764,1610612751,118.0,119.0
22100670,1610612737,1610612750,134.0,122.0
22100671,1610612738,1610612766,102.0,111.0
22100672,1610612748,1610612757,104.0,92.0
22100673,1610612741,1610612739,117.0,104.0
22100674,1610612749,1610612763,126.0,114.0
22100675,1610612742,1610612761,102.0,98.0
22100676,1610612759,1610612760,118.0,96.0
22100677,1610612762,1610612745,111.0,116.0
22100678,1610612743,1610612746,130.0,128.0
22100679,1610612758,1610612765,131.0,133.0
22100680,1610612747,1610612754,104.0,111.0
22100666,1610612752,1610612750,110.0,112.0
22100667,1610612744,1610612765,102.0,86.0
22100654,1610612738,1610612740,104.0,92.0
22100655,1610612752,1610612766,87.0,97.0
22100656,1610612764,1610612755,117.0,98.0
22100657,1610612739,1610612751,114.0,107.0
22100658,1610612763,1610612741,119.0,106.0
22100659,1610612746,1610612754,139.0,133.0
22100660,1610612737,1610612749,121.0,114.0
22100661,1610612753,1610612757,88.0,98.0
22100662,1610612748,1610612761,104.0,99.0
22100663,1610612742,1610612760,104.0,102.0
22100664,1610612759,1610612756,107.0,121.0
22100665,1610612747,1610612762,101.0,95.0
22100617,1610612765,1610612756,108.0,135.0
22100651,1610612758,1610612745,112.0,118.0
22100652,1610612750,1610612744,119.0,99.0
22100653,1610612743,1610612762,102.0,125.0
22100641,1610612749,1610612761,96.0,103.0
22100642,1610612764,1610612757,110.0,115.0
22100643,1610612737,1610612752,108.0,117.0
22100644,1610612751,1610612740,120.0,105.0
22100645,1610612748,1610612755,98.0,109.0
22100646,1610612760,1610612739,102.0,107.0
22100647,1610612738,1610612741,114.0,112.0
22100648,1610612759,1610612746,101.0,94.0
22100649,1610612743,1610612747,133.0,96.0
22100650,1610612742,1610612753,108.0,92.0
22100632,1610612766,1610612753,109.0,116.0
22100633,1610612765,1610612761,103.0,87.0
22100634,1610612754,1610612756,94.0,112.0
22100635,1610612755,1610612738,111.0,99.0
22100637,1610612741,1610612744,96.0,138.0
22100636,1610612748,1610612737,124.0,118.0
22100638,1610612759,1610612739,109.0,114.0
22100639,1610612763,1610612742,85.0,112.0
22100640,1610612758,1610612745,126.0,114.0
22100627,1610612749,1610612744,118.0,99.0
22100628,1610612763,1610612750,116.0,108.0
22100629,1610612740,1610612746,113.0,89.0
22100630,1610612751,1610612760,109.0,130.0
22100631,1610612743,1610612757,140.0,108.0
22100618,1610612754,1610612738,100.0,119.0
22100619,1610612755,1610612766,98.0,109.0
22100620,1610612764,1610612753,112.0,106.0
22100621,1610612737,1610612748,91.0,115.0
22100622,1610612752,1610612742,108.0,85.0
22100623,1610612759,1610612745,124.0,128.0
22100624,1610612762,1610612739,91.0,111.0
22100625,1610612741,1610612751,112.0,138.0
22100626,1610612758,1610612747,125.0,116.0
22100612,1610612764,1610612760,122.0,118.0
22100613,1610612761,1610612756,95.0,99.0
22100415,1610612741,1610612765,133.0,87.0
22100614,1610612763,1610612744,116.0,108.0
22100615,1610612740,1610612750,128.0,125.0
22100616,1610612746,1610612743,87.0,85.0
22100607,1610612766,1610612749,103.0,99.0
22100608,1610612765,1610612762,126.0,116.0
22100609,1610612738,1610612754,101.0,98.0
22100610,1610612752,1610612759,111.0,96.0
22100711,1610612745,1610612755,91.0,111.0
22100486,1610612757,1610612751,114.0,108.0
22100611,1610612758,1610612739,108.0,109.0
22100602,1610612751,1610612759,121.0,119.0
22100597,1610612746,1610612737,106.0,93.0
22100598,1610612753,1610612764,100.0,102.0
22100599,1610612761,1610612740,105.0,101.0
22100600,1610612745,1610612750,123.0,141.0
22100601,1610612760,1610612743,95.0,99.0
22100603,1610612742,1610612741,113.0,99.0
22100604,1610612744,1610612739,96.0,82.0
22100605,1610612757,1610612758,103.0,88.0
22100606,1610612747,1610612763,119.0,127.0
22100591,1610612746,1610612763,108.0,123.0
22100592,1610612766,1610612749,114.0,106.0
22100593,1610612765,1610612753,97.0,92.0
22100594,1610612754,1610612762,125.0,113.0
22100595,1610612738,1610612752,99.0,75.0
22100596,1610612756,1610612748,100.0,123.0
22100582,1610612755,1610612759,119.0,100.0
22100583,1610612751,1610612749,109.0,121.0
22100584,1610612761,1610612762,122.0,108.0
22100585,1610612741,1610612764,130.0,122.0
22100586,1610612745,1610612742,106.0,130.0
22100587,1610612760,1610612750,105.0,135.0
22100588,1610612743,1610612758,121.0,111.0
22100589,1610612747,1610612737,134.0,118.0
22100590,1610612757,1610612739,101.0,114.0
22100578,1610612752,1610612738,108.0,105.0
22100579,1610612763,1610612765,118.0,88.0
22100580,1610612740,1610612744,101.0,96.0
22100581,1610612756,1610612746,106.0,89.0
22100567,1610612766,1610612765,140.0,111.0
22100568,1610612753,1610612755,106.0,116.0
22100569,1610612764,1610612745,111.0,114.0
22100570,1610612738,1610612759,97.0,99.0
22100571,1610612754,1610612751,121.0,129.0
22100572,1610612742,1610612744,99.0,82.0
22100573,1610612749,1610612761,111.0,117.0
22100574,1610612750,1610612760,98.0,90.0
22100575,1610612743,1610612762,109.0,115.0
22100576,1610612757,1610612748,109.0,115.0
22100577,1610612758,1610612737,102.0,108.0
22100562,1610612739,1610612763,106.0,110.0
22100563,1610612761,1610612759,129.0,104.0
22100564,1610612752,1610612754,104.0,94.0
22100565,1610612740,1610612756,110.0,123.0
22100566,1610612747,1610612758,122.0,114.0
22100552,1610612755,1610612745,133.0,113.0
22100553,1610612764,1610612766,124.0,121.0
22100554,1610612751,1610612763,104.0,118.0
22100555,1610612741,1610612753,102.0,98.0
22100556,1610612749,1610612765,106.0,115.0
22100557,1610612740,1610612762,104.0,115.0
22100558,1610612742,1610612743,103.0,89.0
22100559,1610612744,1610612748,115.0,108.0
22100560,1610612757,1610612737,136.0,131.0
22100561,1610612746,1610612750,104.0,122.0
22100545,1610612761,1610612752,120.0,105.0
22100546,1610612738,1610612753,116.0,111.0
22100547,1610612739,1610612754,108.0,104.0
22100548,1610612758,1610612748,115.0,113.0
22100549,1610612766,1610612756,99.0,133.0
22100550,1610612760,1610612742,86.0,95.0
22100551,1610612747,1610612750,108.0,103.0
22100539,1610612749,1610612740,136.0,113.0
22100540,1610612765,1610612759,117.0,116.0
22100541,1610612764,1610612741,119.0,120.0
22100542,1610612751,1610612746,116.0,120.0
22100543,1610612745,1610612743,111.0,124.0
22100544,1610612762,1610612744,116.0,123.0
